{
    "learning_rate": 0.1,
    "weights": [
        -0.3744456218225938,
        -1.5987382057504074,
        0.8394176194346125,
        1.0008173721126294,
        -1.5987382057504074,
        0.6840783275816168,
        0.8693624857348166
    ],
    "bias": 0.5703874729008687
}